{
    "avg_prec": {
        "train": 1.0,
        "test": 0.7318502300969221
    },
    "roc_auc": {
        "train": 1.0,
        "test": 0.9203636363636365
    }
}
